job,processos,nos,t_rank0_s,t_calculo_max_s,soma,validacao
16,1,c1,0.478,0.478,2000000001000000000,OK
17,2,c2,0.478,0.478,2000000001000000000,OK
18,4,c3,0.241,0.241,2000000001000000000,OK
19,8,c4,0.129,0.129,2000000001000000000,OK
20,32,c[1-4],0.032,0.033,2000000001000000000,OK
21,1,c1,0.481,0.481,2000000001000000000,OK
22,2,c2,0.477,0.478,2000000001000000000,OK
23,4,c3,0.242,0.242,2000000001000000000,OK
24,8,c4,0.129,0.129,2000000001000000000,OK
25,32,c[1-4],0.032,0.032,2000000001000000000,OK
